GJB2	13	20720051	A	<CN2>	HIGH	5008	0
GJB2	13	20761671	T	C	MODIFIER	5007	1
GJB2	13	20761953	G	C	MODIFIER	5007	1
GJB2	13	20762007	C	T	MODIFIER	5005	3
GJB2	13	20762024	T	C	MODIFIER	5004	4
GJB2	13	20762108	C	T	MODIFIER	5006	2
GJB2	13	20762118	T	C	MODIFIER	5007	1
GJB2	13	20762125	G	A	MODIFIER	5007	1
GJB2	13	20762197	T	C	MODIFIER	5002	6
GJB2	13	20762254	C	T	MODIFIER	4986	22
GJB2	13	20762315	G	A	MODIFIER	5007	1
GJB2	13	20762430	A	G	MODIFIER	5006	2
GJB2	13	20762480	T	C	MODIFIER	5005	3
GJB2	13	20762496	A	G	MODIFIER	5007	1
GJB2	13	20762519	C	G	MODIFIER	5006	2
GJB2	13	20762522	A	G	MODIFIER	5007	1
GJB2	13	20762525	A	C	MODIFIER	5005	3
GJB2	13	20762537	T	C	MODIFIER	5007	1
GJB2	13	20762628	T	G	MODIFIER	5007	1
GJB2	13	20762659	C	A	MODIFIER	5007	1
GJB2	13	20762666	T	C	MODIFIER	5007	1
GJB2	13	20762711	A	G	MODIFIER	5005	3
GJB2	13	20762871	T	C	MODIFIER	5007	1
GJB2	13	20762923	T	C	MODIFIER	5007	1
GJB2	13	20762926	A	G	MODIFIER	5007	1
GJB2	13	20762944	T	C	MODIFIER	5004	4
GJB2	13	20762959	G	A	MODIFIER	5006	2
GJB2	13	20762962	T	A	MODIFIER	5007	1
GJB2	13	20762971	A	G	MODIFIER	5007	1
GJB2	13	20762985	G	T	MODIFIER	5007	1
GJB2	13	20763039	G	A	MODIFIER	5004	4
GJB2	13	20763046	T	A	LOW	5005	3
GJB2	13	20763079	T	C	LOW	5007	1
GJB2	13	20763136	C	G	MODERATE	5008	0
GJB2	13	20763150	A	G	MODERATE	5007	1
GJB2	13	20763163	C	T	LOW	5007	1
GJB2	13	20763188	A	G	MODERATE	5006	2
GJB2	13	20763210	C	T	MODERATE	5006	2
GJB2	13	20763218	T	C	MODERATE	5000	8
GJB2	13	20763222	C	T	MODERATE	5007	1
GJB2	13	20763228	G	A	MODERATE	4999	9
GJB2	13	20763234	T	C	MODERATE	5006	2
GJB2	13	20763243	C	T	MODERATE	5005	3
GJB2	13	20763294	G	A	MODERATE	5007	1
GJB2	13	20763296	A	G	MODERATE	5007	1
GJB2	13	20763305	C	T	MODERATE	5006	2
GJB2	13	20763351	G	A	HIGH	5007	1
GJB2	13	20763363	C	T	MODERATE	5008	0
GJB2	13	20763366	C	T	MODERATE	5007	1
GJB2	13	20763429	G	A	MODERATE	5007	1
GJB2	13	20763434	G	C	MODERATE	5007	1
GJB2	13	20763438	C	T	MODERATE	5007	1
GJB2	13	20763463	C	T	LOW	5007	1
GJB2	13	20763472	G	C	MODERATE	5006	2
GJB2	13	20763483	G	A	HIGH	5007	1
GJB2	13	20763490	C	T	HIGH	5008	0
GJB2	13	20763513	G	C	MODERATE	5007	1
GJB2	13	20763589	C	T	HIGH	5007	1
GJB2	13	20763595	C	T	LOW	5007	1
GJB2	13	20763601	T	G	LOW	5005	3
GJB2	13	20763621	T	A	MODERATE	5007	1
GJB2	13	20763650	C	T	HIGH	5006	2
GJB2	13	20763687	C	A	MODERATE	5005	3
GJB2	13	20763698	G	A	MODERATE	5007	1
GJB2	13	20763710	C	T	MODERATE	5007	1
GJB2	13	20763743	C	T	HIGH	5007	1
GJB2	13	20763744	T	G	HIGH	5006	2
GJB2	13	20763748	A	G	LOW	5003	5
GJB2	13	20763749	A	G	LOW	5007	1
GJB2	13	20763777	C	A	MODIFIER	5000	8
GJB2	13	20763822	A	G	MODIFIER	5007	1
GJB2	13	20763914	T	C	MODIFIER	5007	1
GJB2	13	20763922	A	T	MODIFIER	5007	1
GJB2	13	20763929	C	T	MODIFIER	5007	1
GJB2	13	20763944	C	T	MODIFIER	5001	7
GJB2	13	20763963	T	C	MODIFIER	5007	1
GJB2	13	20764045	T	G	MODIFIER	5004	4
GJB2	13	20764048	A	G	MODIFIER	5007	1
GJB2	13	20764054	C	T	MODIFIER	5008	0
GJB2	13	20764085	C	T	MODIFIER	5007	1
GJB2	13	20764088	AC	A	MODIFIER	4985	23
GJB2	13	20764153	A	C	MODIFIER	5007	1
GJB2	13	20764177	A	C	MODIFIER	5006	2
GJB2	13	20764258	G	A	MODIFIER	5007	1
GJB2	13	20764286	T	<CN2>	MODIFIER	5005	3
GJB2	13	20764299	T	A	MODIFIER	5005	3
GJB2	13	20764319	T	C	MODIFIER	5006	2
GJB2	13	20764326	C	T	MODIFIER	4984	24
GJB2	13	20764408	C	T	MODIFIER	5007	1
GJB2	13	20764429	G	A	MODIFIER	5007	1
GJB2	13	20764516	C	T	MODIFIER	5007	1
GJB2	13	20764538	G	C	MODIFIER	5007	1
GJB2	13	20764575	A	T	MODIFIER	4989	19
GJB2	13	20764582	T	C	MODIFIER	5001	7
GJB2	13	20764708	C	T	MODIFIER	5006	2
GJB2	13	20764731	C	T	MODIFIER	5006	2
GJB2	13	20764747	C	T	MODIFIER	4992	16
GJB2	13	20764752	G	A	MODIFIER	5007	1
GJB2	13	20764763	A	G	MODIFIER	5007	1
GJB2	13	20764825	T	C	MODIFIER	5007	1
GJB2	13	20764998	C	T	MODIFIER	5005	3
GJB2	13	20765044	A	G	MODIFIER	5008	0
GJB2	13	20765065	G	A	MODIFIER	5004	4
GJB2	13	20765124	A	G	MODIFIER	5007	1
GJB2	13	20765161	C	T	MODIFIER	5005	3
GJB2	13	20765218	A	G	MODIFIER	5007	1
GJB2	13	20765241	T	C	MODIFIER	5006	2
GJB2	13	20765283	G	C	MODIFIER	5007	1
GJB2	13	20765341	C	T	MODIFIER	5007	1
GJB2	13	20765447	T	C	MODIFIER	5007	1
GJB2	13	20765471	G	A	MODIFIER	5006	2
GJB2	13	20765498	G	A	MODIFIER	5008	0
GJB2	13	20765550	T	C	MODIFIER	5007	1
GJB2	13	20765606	A	C	MODIFIER	5007	1
GJB2	13	20765839	C	A	MODIFIER	5006	2
GJB2	13	20765853	C	T	MODIFIER	5008	0
GJB2	13	20765855	A	G	MODIFIER	5007	1
GJB2	13	20765864	C	T	MODIFIER	5003	5
GJB2	13	20765865	G	A	MODIFIER	5007	1
GJB2	13	20766145	T	A	MODIFIER	5004	4
GJB2	13	20766177	C	T	MODIFIER	5004	4
GJB2	13	20766251	G	A	MODIFIER	5007	1
GJB2	13	20766256	C	A	MODIFIER	5005	3
GJB2	13	20766278	C	T	MODIFIER	5002	6
GJB2	13	20766291	C	T	MODIFIER	5006	2
GJB2	13	20766292	T	C	MODIFIER	5007	1
GJB2	13	20766294	C	G	MODIFIER	5007	1
GJB2	13	20766388	G	C	MODIFIER	5007	1
GJB2	13	20766433	C	A	MODIFIER	4997	11
GJB2	13	20766434	C	T	MODIFIER	5007	1
GJB2	13	20766464	G	A	MODIFIER	5007	1
GJB2	13	20766471	A	G	MODIFIER	5007	1
GJB2	13	20766545	G	C	MODIFIER	5008	0
GJB2	13	20766659	T	C	MODIFIER	5003	5
GJB2	13	20766669	G	A	MODIFIER	5006	2
GJB2	13	20766692	C	T	MODIFIER	5007	1
GJB2	13	20766765	C	G	MODIFIER	5007	1
GJB2	13	20766843	G	T	MODIFIER	5000	8
GJB2	13	20766844	C	T	MODIFIER	5008	0
GJB2	13	20766853	C	G	MODIFIER	4993	15
GJB2	13	20766944	G	T	MODIFIER	5006	2
GJB2	13	20767047	G	A	MODIFIER	5007	1
GJB2	13	20767073	G	C	MODIFIER	5007	1
GJB2	13	20767079	C	T	MODIFIER	5007	1
